model,mse,rmse,mae,r2
LinearRegression,307700111248.04,554707.2302,473800.8882,-0.007200301
RandomForest,345919687808.39,588149.3754,489159.2915,-0.132305128
